Lokalitet,Dato_20,Antall_20,Luket_20,Dato_21,Luket_21,Field,GlobalID,Antall_21,Dato_22,Luket_22,Antall_22,Dato_23,Luket_23,Antall_23,Luket_24,Antall_24,Dato_24,Shape_Leng,Shape_Area,site,siteID,S1_20,S2_20,S3_20,A_20,S1_21,S2_21,S3_21,A_21,S1_22,S2_22,S3_22,A_22,S1_23,S2_23,S3_23,A_23,S1_24,S2_24,S3_24,A_24,area_m2
Storrønningen 57,2020/10/01,3000,nei,"13.07",ja,57,9cc7e205-af1d-40ee-a88c-9a0f01f9f57b,5000,2022/06/20,Ja,1300,2023/07/07,Delvis,130,Ja,60,2024/06/17,248.306630015,1213.97380294,Storronningen,"90",0,0,0,0,0,3642,4856,0,9712,6070,6070,0,1214,35205,20638,0,142035,110472,4856,0,1213.97380293976
Storrønningen 55,2020/10/01,700,nei,"02.07",ja,55,a043cb67-0b88-49a9-b880-58d85252621e,550,2022/07/06,Ja,340,2023/07/04,Delvis,150,Ja,360,2024/07/24,209.398032286,2304.89205444,Storronningen,"87",0,0,0,0,0,0,0,0,6915,50708,2305,0,2305,4610,20744,0,6915,2305,0,0,2304.89205444223
Storrønningen 54,2020/10/01,1000,nei,"05.07",ja,54,3a87b18c-ec75-4814-ac9e-3ac19a2ed262,1100,2022/07/05,Ja,530,2023/06/29,Delvis,8,Ja,10,2024/07/24,44.5293723713,69.2224285893,Storronningen,"86",0,0,0,0,0,0,0,0,69,623,69,0,69,69,208,0,69,0,0,0,69.2224285895354
Storrønningen 53,2020/10/01,1000,nei,"05.07",ja,53,c3f003e3-6d3d-4ef0-8c0b-6e33d050c902,400,2022/07/04,Ja,150,2023/06/29,Nei,0,Ja,100,2024/07/02,17.3538719461,15.7422022224,Storronningen,"85",0,0,0,0,0,0,0,0,0,47,0,0,0,0,16,0,0,0,0,0,15.7422022224928
Storrønningen 52,2020/09/30,250,ja,"15.07",ja,52,fb1d0e47-f458-4992-b6d2-9ca965a55d79,65,2022/07/06,Delvis,35,2023/07/10,Ja,160,Nei,0,2024/06/17,74.4270072522,182.159956773,Storronningen,"84",0,0,0,0,0,0,0,0,0,0,0,0,0,0,0,0,0,0,0,0,182.15995677223
Storrønningen 51,2020/09/30,250,ja,"21.06",ja,51,14af5bcb-2aad-4b8d-9119-893720537759,120,2022/06/20,Delvis,4,2023/07/10,Ja,10,Nei,0,2024/06/17,74.2141619791,94.9431929379,Storronningen,"83",1,0,2,0,95,1424,665,0,95,95,1044,0,0,0,0,0,0,0,0,0,94.9431929380808
Storrønningen 50,2020/09/29,400,ja,"06.08",ja,50,1e43b237-8129-4431-a5a2-731c15e12019,140,2022/06/20,Nei,0,2023/07/12,Ja,11,Nei,0,2024/06/17,61.1404367339,107.917289778,Storronningen,"82",0,0,0,0,0,0,0,0,0,0,0,0,0,0,0,0,0,0,0,0,107.917289777426
Storrønningen 49,2020/09/21,6500,ja,"06.08",ja,49,1afbd00c-9777-402f-b567-7338174c7743,7200,2022/06/16,Nei,0,2023/07/12,Ja,420,Delvis,7,2024/06/17,67.4062384745,122.662288247,Storronningen,"80",0,0,0,0,0,0,0,0,0,0,0,0,0,0,0,0,0,0,0,0,122.662288247375
Storrønningen 48,2020/09/21,1200,ja,"27.07",ja,48,224bf14d-6e22-4c52-b509-aacd2cb8ea0c,1570,2022/06/16,Nei,0,2023/07/12,Ja,100,Nei,0,2024/06/17,48.3273637561,44.0975363217,Storronningen,"79",0,0,0,0,0,0,0,0,0,0,0,0,0,0,0,0,0,0,0,0,44.0975363215548
Storrønningen 47,2020/09/20,2100,ja,"27.07",ja,47,73ab845f-80a5-4384-89e8-0e90ab7d9b9d,1200,2022/06/16,Nei,0,2023/07/12,Ja,50,Nei,0,2024/06/17,66.9860865528,144.938711225,Storronningen,"78",0,0,0,0,0,0,0,0,0,0,0,0,0,0,0,0,0,0,0,0,144.938711226219
Storrønningen 46,2020/09/17,120,ja,"01.07",ja,46,748eec6f-bd49-48c8-b52f-64f956698cf9,80,2022/06/20,Nei,0,2023/07/13,Ja,170,Nei,0,2024/06/17,88.9418452992,322.713674849,Storronningen,"77",0,0,2,0,0,0,323,0,0,323,323,0,0,645,968,0,0,0,0,0,322.713674851228
Storrønningen 45,2020/09/17,110,ja,"01.07",ja,45,c8905777-7b90-44b8-a29c-7cc7271ca624,25,2022/06/20,Nei,0,2023/06/29,Ja,100,Nei,0,2024/06/17,109.408223701,462.167612244,Storronningen,"76",0,0,4,0,0,0,0,0,0,0,0,0,0,0,462,0,462,0,0,0,462.167612242163
Storrønningen 44,2020/09/17,150,ja,"01.07",ja,44,a8c654fc-38ef-4738-8871-f6937692c081,50,2022/06/20,Nei,0,2023/07/13,Ja,160,Nei,0,2024/06/17,125.554577048,732.669412885,Storronningen,"75",0,0,2,1,0,0,0,0,1465,2198,733,0,0,1465,12455,0,2198,0,0,0,732.669412884279
Storrønningen 43,2020/09/17,400,ja,"02.07",ja,43,0ab70abf-63ae-4f67-9f23-598916b21702,0,2022/07/07,Delvis,10,2023/07/28,Ja,130,Nei,0,2024/06/17,41.2292166601,90.0300846477,Storronningen,"74",0,0,0,0,0,0,0,0,0,0,0,0,0,0,0,0,0,0,0,0,90.0300846473547
Storrønningen 42,2020/09/17,50,ja,"02.07",ja,42,fd3eef6e-1d1d-423b-b229-4580f88746d1,0,2022/06/30,Nei,0,2023/07/28,Nei,0,Nei,0,2024/06/17,28.0571661037,43.1597154387,Storronningen,"73",0,0,0,0,0,0,0,0,0,0,0,0,0,0,0,0,0,0,0,0,43.1597154382616
Storrønningen 41,2020/09/17,100,ja,"02.07",ja,41,dddc62fc-5b2b-47bc-89cb-825db751dbda,1,2022/06/30,Nei,0,2023/07/28,Nei,0,Nei,0,2024/06/17,34.7974877435,71.3322551666,Storronningen,"72",0,0,0,0,0,0,0,0,0,0,0,0,0,0,0,0,0,0,0,0,71.3322551669553
Storrønningen 40,2020/09/16,200,ja,"02.07",ja,40,4bf8830d-dfda-42cb-971e-8c3eeaa94c20,10,2022/06/30,Nei,0,2023/07/28,Ja,6,Nei,0,2024/06/17,40.7147917804,91.719580079,Storronningen,"71",0,0,1,1,0,0,0,0,0,0,0,0,0,0,0,0,0,0,0,0,91.7195800804766
Storrønningen 39,2020/09/16,300,ja,"02.07",ja,39,a75252b5-3d7b-4524-ae62-985664185f30,10,2022/06/30,Nei,0,2023/07/28,Ja,10,Delvis,1,2024/06/17,39.6989734833,103.049069999,Storronningen,"69",0,1,1,1,0,0,103,0,0,0,0,0,0,0,103,0,0,0,0,0,103.049069999252
Storrønningen 38,2020/09/16,200,ja,"02.07",ja,38,78927e27-1078-4a1c-84c4-95077cd6db2c,15,2022/07/07,Delvis,2,2023/07/28,Ja,70,Nei,0,2024/06/17,54.067292804,147.49929389,Storronningen,"68",1,1,3,1,0,0,295,0,0,0,147,0,0,147,442,0,147,0,0,0,147.499293889967
Storrønningen 37,2020/09/15,600,ja,"02.07",ja,37,bdd1e619-42f9-4eea-85a8-30b500453f84,50,2022/07/07,Delvis,15,2023/08/01,Ja,189,Nei,0,2024/06/17,66.5687460863,282.725935471,Storronningen,"67",1,3,5,2,283,283,2262,0,0,565,848,0,0,565,1979,0,565,0,0,0,282.725935472205
Storrønningen 36,2020/09/14,500,ja,"02.07",ja,36,fd700311-8374-4229-b7ca-a1d5157aa40b,20,2022/07/07,Delvis,17,2023/07/14,Ja,170,Nei,0,2024/06/17,69.4640087593,237.992484736,Storronningen,"66",0,1,3,1,0,238,1904,0,952,714,476,0,0,238,714,0,0,0,0,0,237.992484736489
Storrønningen 35,2020/09/14,300,ja,"02.07",ja,35,0dbb5528-b303-4162-828e-1c589b012aad,0,2022/07/07,Delvis,24,2023/07/14,Ja,120,Delvis,2,2024/06/17,67.8429573044,280.240177326,Storronningen,"65",0,0,2,1,0,560,4204,0,1962,1121,560,0,0,560,1121,0,0,0,0,0,280.240177327301
Storrønningen 34,2020/09/14,50,ja,"02.07",ja,34,cd5196d6-9fdf-49f3-b067-5fa7081889b7,100,2022/06/30,Delvis,1,2023/07/14,Ja,170,Nei,0,2024/06/17,113.502747056,541.946756364,Storronningen,"64",0,0,2,1,0,542,4878,0,1084,5419,1084,0,0,2168,10297,0,1626,0,0,0,541.946756364079
Storrønningen 33,2020/09/08,70,ja,"01.07",ja,33,c49d4fab-d917-430f-9e66-cf8c9a0d4905,10,2022/06/30,Nei,0,2023/07/13,Ja,12,Nei,0,2024/06/17,61.993737868,203.073785024,Storronningen,"63",0,0,0,0,0,0,203,0,203,1015,0,0,0,406,2234,0,406,0,0,0,203.073785023764
Storrønningen 32,2020/09/08,150,ja,"01.07",ja,32,ae5ca00f-a528-48c8-ab1d-3ee074b076ef,40,2022/07/07,Delvis,5,2023/07/13,Ja,45,Nei,0,2024/06/17,60.5354568477,222.318421854,Storronningen,"62",0,0,0,0,0,0,0,0,445,667,0,0,0,222,222,0,0,0,0,0,222.318421853939
Storrønningen 31,2020/09/08,150,ja,"01.07",ja,31,79926af8-f770-48b8-ac58-11507e096350,80,2022/07/07,Delvis,1,2023/07/13,Ja,55,Nei,0,2024/06/17,55.4495449312,176.90978332,Storronningen,"61",0,0,0,0,0,0,177,0,1946,531,177,0,0,531,1061,0,0,0,0,0,176.909783319337
Storrønningen 30,2020/09/03,200,ja,"01.07",ja,30,24ca0cc9-608e-4d4b-a1a9-188bf1ff60ed,300,2022/07/07,Delvis,3,2023/07/13,Ja,70,Nei,0,2024/06/17,54.7193483705,160.453100444,Storronningen,"60",0,0,0,0,0,0,321,0,1765,802,160,0,0,481,963,0,160,0,0,0,160.453100444749
Storrønningen 29,2020/09/03,110,ja,"02.07",ja,29,9da905b2-0320-4717-916f-fe1011837431,100,2022/07/07,Delvis,10,2023/07/14,Ja,105,Nei,0,2024/06/17,77.3847618451,220.411643765,Storronningen,"58",1,1,2,0,220,220,1102,0,1322,882,882,0,0,1102,2865,0,661,220,0,0,220.411643763771
Storrønningen 28,2020/09/03,200,ja,"02.07",ja,28,69452161-2344-4bfc-b06f-9eb8ffa17187,80,2022/06/30,Nei,0,2023/07/14,Ja,70,Nei,0,2024/06/17,49.8071691854,131.95811355,Storronningen,"57",1,1,1,0,0,0,264,0,0,0,264,0,0,528,660,0,264,0,0,0,131.958113549394
Storrønningen 27,2020/08/27,6500,ja,"22.06",ja,27,884cf4e2-5e34-40fe-a7fe-48a3b266504a,4000,2022/06/20,Delvis,6,2023/07/11,Ja,670,Delvis,1,2024/06/17,131.638490237,469.379975437,Storronningen,"56",1,1,9,0,469,8449,4224,0,1408,2347,9388,0,0,0,939,0,939,469,0,0,469.379975435557
Storrønningen 26,2020/08/26,300,ja,"06.07",ja,26,0f7d55b9-b01c-49da-9878-ce8f033dee6a,5,2022/06/20,Nei,0,2023/07/06,Ja,14,Delvis,1,2024/07/02,86.3118380288,242.328001531,Storronningen,"55",0,0,1,0,0,0,242,0,0,0,0,0,0,0,0,0,0,0,0,0,242.328001529313
Storrønningen 25,2020/08/26,500,ja,"06.07",ja,25,e1b103b6-7198-49b0-9ae6-e6280102ce06,20,2022/06/20,Nei,0,2023/07/06,Ja,26,Nei,0,2024/07/02,76.4790982163,319.548779986,Storronningen,"54",0,0,0,0,0,0,0,0,0,0,0,0,0,0,0,0,0,0,0,0,319.548779984179
Storrønningen 24,2020/08/26,100,ja,"06.07",ja,24,ea7da951-5660-45d0-b947-f8162c6214a9,1,2022/06/20,Nei,0,2023/06/29,Ja,8,Nei,0,2024/07/02,49.8574849733,132.849403836,Storronningen,"53",0,0,0,0,0,0,0,0,0,0,0,0,0,0,0,0,0,0,0,0,132.849403837463
Storrønningen 23,2020/08/25,500,ja,"06.07",ja,23,e490d00a-87aa-416c-b86f-05063f7706c8,50,2022/07/06,Delvis,5,2023/07/06,Ja,75,Delvis,1,2024/07/02,64.8229640409,267.404826748,Storronningen,"52",0,0,2,0,0,0,0,0,0,0,535,0,0,0,535,0,0,0,0,0,267.404826750048
Storrønningen 22,2020/08/25,1000,ja,"05.07",ja,22,9141ff9a-4cd2-4538-8fda-9e424d8f4ee0,140,2022/06/20,Delvis,11,2023/07/06,Ja,245,Delvis,6,2024/07/02,93.1444082752,515.375075331,Storronningen,"51",0,0,2,0,0,0,0,0,0,8246,515,0,0,515,5669,0,0,0,0,0,515.375075332006
Storrønningen 21,2020/08/19,300,ja,"05.07",ja,21,dfb4cc0b-d45e-4589-bcc6-3b5f81529eac,60,2022/07/06,Delvis,12,2023/07/06,Ja,250,Nei,0,2024/07/02,78.3441286691,405.009171579,Storronningen,"50",0,0,0,0,0,0,0,0,0,2025,0,0,0,810,405,0,0,0,0,0,405.009171578684
Storrønningen 20,2020/08/18,150,ja,"05.07",ja,20,3958ccd9-2157-4567-89a5-302e837f00bc,15,2022/06/20,Nei,0,2023/06/29,Ja,12,Nei,0,2024/07/02,21.6487875074,9.94130289054,Storronningen,"49",0,0,0,0,0,0,0,0,0,0,0,0,0,0,0,0,0,0,0,0,9.94130289048189
Storrønningen 19,2020/07/30,1000,ja,"05.07",ja,19,d5391512-3b61-4613-9ca4-0eeb791c8c7d,70,2022/07/13,Delvis,4,2023/07/05,Ja,110,Nei,0,2024/07/02,44.1243264846,79.3101718596,Storronningen,"47",0,0,0,0,0,0,0,0,0,79,0,0,0,0,0,0,0,0,0,0,79.3101718584076
Storrønningen 18,2020/07/30,300,ja,"01.07",ja,18,c2d9684f-d829-4b60-974a-c57146e02dd1,600,2022/06/20,Nei,0,2023/07/13,Ja,550,Delvis,10,2024/07/24,110.00453406,718.495389397,Storronningen,"46",53,47,92,0,22992,45984,151603,0,14370,125018,84782,1437,12214,50295,62509,0,10059,2874,0,0,718.49538939679
Storrønningen 17,2020/07/28,5000,ja,"20.07",ja,17,e6ab5e93-858a-4d43-9f13-5277df770903,600,2022/06/20,Nei,0,2023/07/11,Ja,462,Delvis,2,2024/07/24,56.913339263,145.286733311,Storronningen,"45",1,0,2,0,0,581,581,0,436,726,726,0,145,1162,1162,0,145,145,0,0,145.28673331067
Storrønningen 16,2020/07/27,150,ja,"06.07",ja,16,4179e843-7c8c-4480-af30-b1ecb5690ca5,400,2022/07/06,Delvis,4,2023/07/07,Ja,400,Nei,0,2024/07/24,24.8002585644,22.2434808751,Storronningen,"44",0,0,0,0,0,0,0,0,22,111,0,0,0,22,44,0,22,0,0,0,22.2434808750404
Storrønningen 15,2020/07/28,200,ja,"01.07",ja,15,cf5702d1-2ffc-436d-9f2a-d0bdb12744bc,500,2022/07/06,Delvis,7,2023/07/13,Ja,400,Delvis,13,2024/07/24,33.9949888818,69.5193535049,Storronningen,"43",3,3,4,0,139,209,695,0,139,1599,417,0,139,348,556,0,209,70,0,0,69.519353504933
Storrønningen 14,2020/07/26,1100,ja,"06.07",ja,14,89c48f9a-b92a-4e67-9f7e-33097a615308,700,2022/07/06,Delvis,10,2023/07/07,Ja,230,Delvis,1,2024/07/24,26.8385082993,38.051330659,Storronningen,"42",0,0,0,0,0,0,0,0,0,0,0,0,0,0,0,0,0,0,0,0,38.0513306593057
Storrønningen 13,2020/07/26,1000,ja,"01.07",ja,13,7882ce8d-71d5-46db-9158-8d3c9938cbe4,220,2022/07/06,Delvis,21,2023/07/12,Ja,760,Nei,0,2024/07/24,103.827051725,592.0584918,Storronningen,"41",2,5,3,0,1184,1776,8881,0,11841,95913,7105,592,5329,15986,36708,0,13025,2368,0,0,592.058491801843
Storrønningen 12,2020/07/26,200,ja,"01.07",ja,12,4c0d1d06-31dc-4d42-a0cf-6195e0db08ba,40,2022/06/20,Delvis,16,2023/07/10,Ja,80,Nei,0,2024/06/17,65.0844342068,149.964594185,Storronningen,"40",0,0,1,0,0,750,300,0,0,0,300,0,0,0,0,0,0,0,0,0,149.964594184654
Storrønningen 11,2020/07/24,1000,ja,"21.06",ja,11,317c2b14-8dbf-4a24-be64-98cc9110bacd,140,2022/07/04,Ja,150,2023/07/10,Delvis,32,Ja,1900,2024/06/17,82.3110370189,403.001943856,Storronningen,"39",4,2,16,1,1612,32240,15314,0,3627,6045,24583,0,0,806,2015,0,2015,1209,0,0,403.001943857875
Storrønningen 10,2020/07/24,50,ja,"15.07",ja,10,f329e402-4bd0-4a3a-88d1-a39ea893e765,70,2022/06/20,Delvis,1,2023/07/10,Ja,42,Nei,0,2024/06/17,34.3058681707,22.639457514,Storronningen,"38",0,0,1,0,0,91,45,0,23,23,68,0,0,0,23,0,0,0,0,0,22.6394575145096
Storrønningen 9,2020/07/22,1300,ja,"09.08",ja,9,c951b83e-3f72-41d3-b037-8b3115af83a3,680,2022/06/16,Nei,0,2023/07/10,Ja,630,Nei,0,2024/07/24,50.4116948898,130.989244311,Storronningen,"97",1,1,1,0,0,262,655,0,524,2358,524,0,131,1048,1048,0,393,0,0,0,130.989244312048
Storrønningen 8,2020/07/22,800,ja,"09.07",ja,8,e9c37c69-a5b5-486b-9e46-586f94a0aac3,500,2022/06/20,Nei,0,2023/07/07,Ja,23,Delvis,1,2024/07/24,35.1519894166,80.6716702564,Storronningen,"96",0,0,0,0,0,0,0,0,81,0,81,0,0,81,81,0,81,81,0,0,80.6716702565318
Storrønningen 7,2020/07/15,15000,ja,"08.07",ja,7,7d4f7672-4deb-44af-9cd9-b908ad69cc78,10000,2022/06/20,Ja,620,2023/07/06,Delvis,142,Ja,450,2024/06/17,96.0617347324,447.345011307,Storronningen,"95",0,0,0,0,0,447,447,0,0,0,0,0,0,0,0,0,0,0,0,0,447.345011305646
Kregnesteigen 9,2020/10/12,2000,nei,,,9,d4c7a88d-037d-45a7-889a-d82d96abe9d9,0,,,0,2023/09/15,Ja,1028,Ja,1950,2024/07/04,285.890378165,1580.17467781,Kregnesteigen,"36",0,0,0,0,0,0,0,0,0,0,0,0,0,0,0,0,0,0,0,0,1580.17467781506
Kregnesteigen 5,2020/10/13,1000,nei,"25.06",ja,5,3c4b5e7b-a5c9-4e5f-9401-2fab54691912,2700,2022/07/26,Ja,2100,2023/06/11,Delvis,55,Ja,3200,2024/06/24,196.24000933,1856.84347541,Kregnesteigen,"26",40,32,173,0,55705,499491,289668,1857,326804,102126,542198,3714,29709,176400,440072,3714,27853,12998,0,0,1856.84347541537
Kregnesteigen 4,2020/10/13,750,nei,,nei,4,f86dd012-be4d-43a4-a634-e9f3033a013c,0,,,0,2023/09/19,Ja,1300,Ja,2450,2024/07/04,357.358329217,4276.86077006,Kregnesteigen,"25",1,1,10,0,8554,34215,12831,0,0,0,12831,0,0,,,,0,0,0,0,4276.86077005882
Kregnesteigen 3,2020/10/13,2000,nei,,nei,3,d2993530-567a-41c1-b621-5dadaa8c0a75,0,,,0,2023/09/17,Ja,335,Ja,1400,2024/07/08,270.203736979,3507.28148551,Kregnesteigen,"24",0,0,0,0,0,0,0,0,0,0,0,0,0,,,,0,0,0,0,3507.28148551052
Kregnesteigen 6a,,0,,"25.06",ja,6,5912df74-56dd-47f8-b47c-f42d6f7175a0,400,2022/07/27,Ja,350,2023/06/15,Nei,0,Ja,20,2024/06/24,25.0956854692,41.9071803034,Kregnesteigen,"27",0,0,1,0,0,126,42,0,84,84,84,0,0,42,126,0,0,0,0,0,41.9071803035913
Kregnesteigen 8a,,0,,"30.06",ja,8,8fd377fe-7868-46a1-827d-1753722f2c9b,2300,2022/07/27,Ja,740,2023/06/12,Nei,0,Ja,1100,2024/06/21,114.556107949,293.896054442,Kregnesteigen,"33",1,0,2,0,0,588,588,0,0,0,294,0,0,294,0,0,0,0,0,0,293.896054440178
Storrønningen 6,2020/07/15,10,ja,"09.08",ja,6,c8bfaa05-4247-423a-99e3-2703fbd595c4,8,2022/06/20,Nei,0,2023/06/29,Ja,1,Nei,0,2024/06/17,27.9059149667,40.5697199614,Storronningen,"93",0,0,0,0,0,0,0,0,0,0,0,0,0,0,0,0,0,0,0,0,40.5697199613205
Storrønningen 5,2020/07/15,2,ja,"09.08",ja,5,b1bc021a-b0af-40ed-971e-22f0126c8c7e,28,2022/06/20,Nei,0,2023/06/29,Nei,0,Nei,0,2024/06/17,22.4497965921,24.525553075,Storronningen,"81",0,0,0,0,0,0,0,0,0,0,0,0,0,0,0,0,0,0,0,0,24.5255530748982
Storrønningen 4,2020/07/15,2,ja,"09.08",ja,4,d4d3c27e-c7f7-465c-b620-813f3ed6c1e1,3,2022/06/20,Nei,0,2023/06/29,Nei,0,Nei,0,2024/06/17,26.1058525095,31.4482969144,Storronningen,"70",0,0,0,0,0,0,0,0,0,0,0,0,0,0,0,0,0,0,0,0,31.4482969145756
Storrønningen 3,2020/07/15,4,ja,"09.08",ja,3,a1f6d51b-d2a8-417c-a061-040f52a2c38e,3,2022/06/20,Nei,0,2023/06/29,Nei,0,Nei,0,2024/06/17,25.1679049062,26.0546460263,Storronningen,"59",0,0,0,0,0,0,0,0,0,0,0,0,0,0,0,0,0,0,0,0,26.0546460263431
Storrønningen 2,2020/07/16,3,ja,"09.08",ja,2,856077e0-6f06-443b-8600-ad947295a8df,0,2022/06/20,Nei,0,2023/06/29,Nei,0,Nei,0,2024/06/17,16.4857051455,12.562574481,Storronningen,"48",0,0,0,0,0,0,0,0,0,0,0,0,0,0,0,0,0,0,0,0,12.5625744810095
Storrønningen 1,2020/07/16,15,ja,"09.08",ja,1,0c32d7fe-d280-42af-984a-4d6c3c53d250,3,2022/06/20,Nei,0,2023/06/29,Nei,0,Nei,0,2024/06/17,23.2993418135,21.9710910538,Storronningen,"37",0,0,0,0,0,0,0,0,0,0,0,0,0,0,0,0,0,0,0,0,21.9710910536814
Storrønningen 58,,0,,,,0,4d1b7557-8480-430d-806b-1cbb3afe03c8,0,2022/07/12,Ja,580,2023/07/07,Ja,300,Nei,0,2024/07/24,56.9654149456,103.344738065,Storronningen,"91",0,1,0,0,0,0,103,0,310,2894,207,0,103,310,1033,0,413,103,0,0,103.344738065032
Storrønningen 59,,0,,,,0,43c291c0-73bd-4369-8b2d-59eba861a67e,0,2022/07/13,Ja,260,2023/07/05,Ja,250,Nei,0,2024/07/02,86.0491720073,420.342073557,Storronningen,"92",0,0,0,0,0,0,0,0,0,2942,0,0,0,420,420,0,0,0,0,0,420.34207355557
Storrønningen 56a,,0,,,,0,15df0233-3a49-4f0d-9dd7-e49eae13396e,0,2022/07/15,Ja,980,2023/07/07,Ja,109,Nei,0,2024/06/17,192.089984854,931.115467862,Storronningen,"88",0,0,0,0,0,1862,2793,0,3724,2793,931,0,0,18622,8380,0,82869,69834,3724,0,931.115467861935
Kregnesteigen 6b,,0,,,,0,2e6514bc-b27b-46aa-b014-82ae0b3f6cd1,0,2022/08/04,Ja,4940,2023/06/13,Ja,2200,Ja,650,2024/06/24,94.853027587,460.846523665,Kregnesteigen,"28",2,1,6,0,461,5530,2765,461,922,922,1843,0,0,1383,4608,461,0,0,0,0,460.846523664957
Kregnesteigen 7a,,0,,,,0,bb0ae361-a745-4bad-840e-e5ca4cb14a13,0,2022/10/31,Ja,11000,2023/06/22,Ja,3500,Ja,2140,2024/09/04,78.7135031154,277.363294197,Kregnesteigen,"30",0,0,0,0,277,277,0,0,0,0,0,0,0,4715,3051,0,2774,1109,0,0,277.363294197014
Kregnesteigen 6c,,0,,,,0,74517049-ac6c-4af7-b063-3eb9b39146d9,0,,,0,2023/06/22,Ja,8180,Ja,2474,2024/06/25,141.426019456,1144.77282499,Kregnesteigen,"29",1,0,2,0,1145,8013,2290,1145,0,0,2290,0,0,6869,4579,0,1145,1145,0,0,1144.7728249901
Kregnesteigen 8b,,0,,,,0,3ae13d6c-1728-45c6-b4a9-97e4b79365eb,0,,,0,2023/06/12,Ja,3650,Ja,600,2024/06/28,282.089063438,2695.93146653,Kregnesteigen,"34",3,0,4,0,8088,43135,21567,0,0,2696,5392,0,0,72790,43135,0,29655,10784,0,0,2695.9314665338
Storrønningen 60,,0,,,,0,dbeb4426-5c5d-4443-8692-58ff5807bcd3,0,,,0,2023/07/07,Ja,39,Nei,0,2024/07/21,93.7188260817,499.987457605,Storronningen,"94",0,0,0,0,0,0,0,0,0,0,0,0,0,0,500,0,1000,1000,0,0,499.987457604613
Gravråk 2,,0,,,,0,150d8188-c4db-4702-acb2-084f7b3a22b5,0,,,0,2023/08/06,Delvis,820,Ja,70,2024/06/13,26.1807995584,-42.133520153,Gravraak,"17",0,0,0,0,0,0,0,0,0,0,0,0,0,,,,0,0,0,0,42.1335201350739
Kregnesteigen 7b,,0,,,,0,da36272e-2fce-41cc-8a45-c833e663ebe0,0,,,0,2023/09/05,Ja,9000,Ja,3633,2024/06/19,77.4769704515,199.125465769,Kregnesteigen,"31",0,0,0,0,0,0,0,0,0,0,0,0,0,2390,1394,0,1394,597,0,0,199.125465768564
Kregnesteigen 8c,,0,,,,0,e74e4b58-59b7-42a6-8818-d5a23f39523f,0,,,0,2023/09/13,Ja,345,Ja,2600,2024/07/01,186.925494425,1465.62388105,Kregnesteigen,"35",0,0,0,0,0,0,0,0,0,0,0,0,0,0,0,0,0,0,0,0,1465.62388104759
Kregnesteigen 7c,,0,,,,0,43fa9692-d541-4a1d-8269-50cc1ac7bf9b,0,,,0,,Ja,920,Ja,1200,2024/07/08,118.937347091,138.044310246,Kregnesteigen,"32",0,0,0,0,0,0,0,0,0,0,0,0,0,966,552,0,552,276,0,0,138.044310246594
Gravråk 1,,0,,,,0,bfe4df3f-bdc8-4f50-8ff4-6a1ea0504235,0,,,0,2023/08/07,Ja,3715,Ja,390,2024/06/13,138.235537242,-402.482853454,Gravraak,"11",0,0,0,0,0,402,0,0,0,0,805,0,0,,,,0,0,0,0,402.482853496913
Follstadøya 1-4,,0,,,,0,8a6d29b7-ee7a-4b1e-9a98-ba157e18badb,0,,,0,2023/08/17,Ja,14570,Ja,2000,2024/05/27,340.608899856,-1487.6887617,Follstadoya,"1",,,,,,,,,,,,,,,,,,,,,1487.68876170577
Follstadøya 6,,0,,,,0,464265b4-41ea-410f-9e36-f829e035557f,0,,,0,,,0,Ja,20,2024/06/03,58.2306161559,195.372226572,Follstadoya,"7",,,,,,,,,,,,,,,,,,,,,195.372226572363
Follstadøya 8,,0,,,,0,c513bd01-3204-48b0-9537-a72e76a1c1cc,0,,,0,,,0,Ja,1600,2024/06/06,61.5979439213,229.633185419,Follstadoya,"9",,,,,,,,,,,,,,,,,,,,,229.633185419254
Follstadøya 9,,0,,,,0,5c3990bf-466c-4fdb-9bb0-f8a9773e76cb,0,,,0,,,0,Ja,1030,2024/06/06,80.7040907863,398.330708457,Follstadoya,"10",,,,,,,,,,,,,,,,,,,,,398.330708457157
Follstadøya 10,,0,,,,0,5329fad0-353d-403b-b1bd-fd4a17784509,0,,,0,,,0,Ja,700,2024/06/06,75.4555671586,359.781537142,Follstadoya,"2",,,,,,,,,,,,,,,,,,,,,359.781537142117
Follstadøya 11,,0,,,,0,5e3bd448-1f1c-4bb0-917c-a895dd6af294,0,,,0,,,0,Ja,1310,2024/06/07,92.7370416679,530.963326083,Follstadoya,"3",,,,,,,,,,,,,,,,,,,,,530.963326081634
Follstadøya 12,,0,,,,0,e48ec209-bbef-4b30-93c5-ebcc3d7a524a,0,,,0,,,0,Ja,600,2024/06/10,91.5554172521,469.842789612,Follstadoya,"4",,,,,,,,,,,,,,,,,,,,,469.842789611779
Follstadøya 13,,0,,,,0,76e09277-fe39-47a2-b4c4-28054abc0351,0,,,0,,,0,Ja,700,2024/06/12,86.085048175,247.166291091,Follstadoya,"5",,,,,,,,,,,,,,,,,,,,,247.166291091358
Follstadøya 5,,0,,,,0,11c1b03d-c9ac-46c8-be41-f2a1c94a63a8,0,,,0,,,0,Ja,330,2024/05/30,63.4140791017,172.213681452,Follstadoya,"6",,,,,,,,,,,,,,,,,,,,,172.213681451976
Follstadøya 7,,0,,,,0,0a60b864-2cff-4932-9ab6-12424b4d854b,0,,,0,,,0,Ja,290,2024/06/03,72.2372018485,316.067020411,Follstadoya,"8",,,,,,,,,,,,,,,,,,,,,316.067020410206
Gravråk3,,0,,,,0,f1d5372b-5492-448b-8bd0-8403b604b219,0,,,0,,,0,Ja,1310,2024/06/14,94.2611710823,-466.567587245,Gravraak,"23",0,0,0,0,0,0,0,0,0,0,0,0,0,,,,0,0,0,0,466.567587261088
Gravråk 4,,0,,,,0,dd405029-0d74-4552-9492-aa157d2cd28d,0,,,0,,,0,Ja,1620,2024/06/14,134.719115512,-731.338254802,Gravraak,"18",0,0,0,0,0,0,1463,0,0,0,0,0,0,,,,0,0,0,0,731.33825486619
Gravråk 5,,0,,,,0,8b7a616a-59eb-405c-83e6-2be4d6aba64b,0,,,0,,,0,Ja,160,2024/06/17,126.798430866,-522.096669377,Gravraak,"19",,,,,,,,,,,,,,,,,0,0,0,0,522.096669360923
Gravråk 6,,0,,,,0,8ad527c6-e4ae-4402-8270-f978584611aa,0,,,0,,,0,Ja,245,2024/06/17,113.485368276,-422.37411998,Gravraak,"20",,,,,,,,,,,,,,,,,0,0,0,0,422.374120039633
Gravråk 7,,0,,,,0,c8d7af8d-1213-4b9f-b6c4-6eb02b7e3be2,0,,,0,,,0,Ja,615,2024/06/18,249.071985053,-1809.0616127,Gravraak,"21",,,,,,,,,,,,,,,,,0,0,0,0,1809.06161288172
Gravråk 8,,0,,,,0,464e8495-f174-43b9-910b-6c11c387f0cb,0,,,0,,,0,Ja,670,2024/06/18,141.896539335,-519.017131294,Gravraak,"22",0,0,0,0,0,519,0,0,0,0,1038,0,0,,,,0,0,0,0,519.017131304368
Storrønningen 56b,,0,,,,0,1a86a193-aa9f-4494-aafc-45227688d00a,0,,,0,,,0,Ja,4600,2024/07/18,737.559381892,-13926.5003706,Storronningen,"89",0,0,0,0,13927,27853,27853,0,69633,41780,55706,0,0,208898,139265,0,557060,487428,13927,0,13926.5003711378
Gravråk 14,,0,,,,0,342221af-d062-46fd-9755-d9709aa3180d,0,,,0,,,0,Ja,520,2024/09/03,25.9359210794,-37.7745977818,Gravraak,"16",,,,,,,,,,,,,,,,,0,0,0,0,37.7745977942832
Gravråk 13,,0,,,,0,50c80cf6-aa95-43e8-94cb-6213cdbd75cf,0,,,0,,,0,Ja,550,2024/09/06,20.2008415552,-15.0139216282,Gravraak,"15",,,,,,,,,,,,,,,,,0,0,0,0,15.0139216001844
Gravråk 12,,0,,,,0,3c880f56-7480-4611-815a-830501068d08,0,,,0,,,0,Ja,565,2024/09/06,24.2604290731,-21.2333368741,Gravraak,"14",0,0,0,0,0,0,0,0,0,0,0,0,0,,,,0,0,0,0,21.2333368733525
Gravråk 10,,0,,,,0,68182d9c-6eba-4143-9631-b8939183175f,0,,,0,,,0,Ja,10,2024/09/12,54.0343379252,-114.165911728,Gravraak,"12",0,0,0,0,0,0,0,0,0,0,0,0,0,,,,0,0,0,0,114.165911810938
Gravråk 11,,0,,,,0,e64f15df-7865-49fc-a82d-d5f2416948b3,0,,,0,,,0,Ja,190,2024/09/12,52.974906973,-172.748419514,Gravraak,"13",0,0,0,0,0,0,0,0,0,0,0,0,0,,,,0,0,0,0,172.748419524636
